author_key,author_name,ebook_access,edition_count,first_publish_year,has_fulltext,key,language,public_scan_b,title,cover_edition_key,cover_i,cover_height,cover_width
['OL12473274A'],['Moments With The Book'],no_ebook,1,2021,False,/works/OL34504533W,['eng'],False,"Jesus Is the One Way [Mini, NIV]",,,,
['OL28127A'],['Edgar Allan Poe'],no_ebook,1,2017,False,/works/OL29523074W,['eng'],False,Complete Works of Edgar Allan Poe - Volume 2,,,,
['OL9347131A'],['Koushik K'],no_ebook,1,2020,False,/works/OL35942361W,['eng'],False,Kali Santarana Upanishad,,,,
['OL8303864A'],['L. Albrecht'],no_ebook,1,2022,False,/works/OL21705403W,['eng'],False,"Asymmetric Organocatalysis - New Strategies,Catalysts, and Opportunities",OL29535145M,14745381.0,,
['OL6106689A'],['Comité des régions (Union européenne)'],no_ebook,1,2002,False,/works/OL13196142W,['fre'],False,"Le Comité des régions, 2002-2004",,,,
['OL8494374A'],['Tem Rif'],no_ebook,1,2020,False,/works/OL22267976W,['eng'],False,Habit Tracker Journal,,,,
['OL5735921A'],['Sarah Wright'],no_ebook,1,2021,False,/works/OL36320224W,['eng'],False,Saving Tracker Funny Cryptocurrency BTFD HODL Bitcoin Have Fun Staying Poor,,,,
['OL6566795A'],['Yoshie Sagawa'],no_ebook,1,2004,False,/works/OL13718163W,['jpn'],False,"Sushiya no kamisan, esseisuto ni naru",,,,
['OL7009126A'],['Guangdong mei shu guan'],no_ebook,1,2012,False,/works/OL39528111W,['chi'],False,花逢时雨俏,,,,
['OL9311789A'],['Practical Journals'],no_ebook,2,2018,False,/works/OL25263775W,['eng'],False,Planning Your Christmas,OL33821820M,11982312.0,,
['OL8681459A'],['Gérard Chappez'],no_ebook,1,2019,False,/works/OL32617330W,['fre'],False,Louis Pergaud,,,,
['OL9113442A'],['Sabrina B. Scales'],no_ebook,1,2018,False,/works/OL29762976W,['eng'],False,How to Love,,,,
['OL5969768A'],['Henri Auguste Omont'],no_ebook,1,2018,False,/works/OL28453730W,['fre'],False,Missions Archéologiques Françaises en Orient Aux Xviie et Xviiie Siècles; Volume 1,,,,
['OL9702687A'],['Eric O. Scott'],no_ebook,2,2013,False,/works/OL25680381W,['eng'],False,Lives of the Apostates,,,,
['OL12765128A'],['KALIDASA'],no_ebook,2,2013,False,/works/OL35264741W,,False,Kumarasambhava,OL47672882M,14299727.0,500.0,322.0
['OL1432245A'],['James S. Walker'],no_ebook,1,2002,False,/works/OL29363516W,['eng'],False,Physics and Student Stu Gd &Sols and Mcat Sg,,,,
"['OL9290537A', 'OL9290538A', 'OL9290539A']","['Cherie Rickard RN', 'Kristina Bovia', 'Tiffany Hendra']",no_ebook,1,2017,False,/works/OL24644469W,,False,Strong Women New Edition,OL32704164M,11328641.0,,
['OL29219A'],['Jonathan Stroud'],no_ebook,1,2023,False,/works/OL36875879W,['pol'],False,Mroczny sobowtór,OL49810137M,14516614.0,,
['OL7580579A'],['Jessica Cedervall'],no_ebook,1,2012,False,/works/OL19908123W,['eng'],False,"Platelet Regulation of Angiogenesis, Tumor Growth and Metastasis",OL27093026M,8729924.0,,
"['OL1427519A', 'OL3083391A']","['Tony Gaddis', 'Godfrey Muganda']",no_ebook,1,2013,False,/works/OL21520678W,['eng'],False,Starting Out with Java : Pearson New International Edition,,,,
['OL2604010A'],['Anonymous'],no_ebook,1,2018,False,/works/OL28529353W,['eng'],False,Adventures of Peregrine Pickle; Volume 2,,,,
['OL11957195A'],['Yintang Zhang'],no_ebook,1,2012,False,/works/OL32930191W,['chi'],False,Menggu wen ti,,,,
['OL11932484A'],['Anne Hodge'],no_ebook,1,2008,False,/works/OL33065607W,['eng'],False,Revelation,,,,
['OL3032977A'],['Jacky Pluton'],no_ebook,1,2005,False,/works/OL8846106W,,False,Fairway Gourmet,,,,
,,no_ebook,1,2009,False,/works/OL17052208W,,False,El ángel caído,OL25621397M,7295160.0,,
['OL9062205A'],['G. R. Latfullin'],no_ebook,1,2006,False,/works/OL24087606W,['rus'],False,Politicheskie partii i obshchestvennye dvizhenii︠a︡,,,,
['OL5746559A'],['Ha-in Kim'],no_ebook,1,2004,False,/works/OL42389285W,['kor'],False,연어,,,,
['OL7536080A'],['Megan Bannen'],no_ebook,1,2025,False,/works/OL42541878W,['eng'],False,Undercutting of Rosie and Adam,,,,
['OL7150088A'],['Joseph P. Kochiss'],no_ebook,1,2012,False,/works/OL16698668W,['eng'],False,A companion to Saint Therese of Lisieux,,,,
"['OL10032911A', 'OL10032912A', 'OL2785618A']","['Ralph Sutherland', 'Harold Sherrick', 'William Stout']",no_ebook,1,2021,False,/works/OL26663684W,['eng'],False,Pig's Tale,,,,
"['OL6734697A', 'OL740827A']","['Jolanta Adamska', 'Jan Sziling']",no_ebook,1,2009,False,/works/OL33409170W,['pol'],False,Man to man...,,,,
['OL11465197A'],['Paul Adams / Bookhabits'],no_ebook,1,2018,False,/works/OL38279808W,['eng'],False,Summary of Love Rules by Joanna Coles,,,,
"['OL9989432A', 'OL8119377A']","['Kristie Pickersgill', 'Manuela Berti']",no_ebook,1,2023,False,/works/OL35744246W,['eng'],False,First Sticker Book Pets,,,,
['OL473111A'],['David Waller'],no_ebook,1,2012,False,/works/OL25154231W,['eng'],False,Developing Your Integrated Marketing Communication Plan,,,,
['OL14430755A'],['Michael Abildgaard'],no_ebook,1,2018,False,/works/OL40210313W,['eng'],False,Continuous Improvement Primer,,,,
['OL9005843A'],['Haiku Bungakukan (Japan)'],no_ebook,1,2003,False,/works/OL23929887W,['eng'],False,Haiku Bungakukan zōsho mokuroku,,,,
['OL68333A'],['John Milton'],no_ebook,1,2009,False,/works/OL37543718W,['eng'],False,Poetical Works with Illus by E H Corbould and John Gilbert,,,,
['OL2479162A'],['E. I. Zelenev'],no_ebook,1,2003,False,/works/OL23915951W,['rus'],False,"Gosudarstvennoe upravlenie, sudebnai︠a︡ sistema i armi︠a︡ v Egipte i Sirii",,,,
,,no_ebook,1,2003,False,/works/OL11844810M,['eng'],False,Implementation and Validation of a Real-Time Wireless Non-Invasive Physiological Monitoring System in a High-G Environment,,,,
['OL5044927A'],['Peter Kónya'],no_ebook,1,2006,False,/works/OL35571214W,['slo'],False,Dejiny Hencoviec,,,,
['OL10076899A'],['Blue Ridge Art'],no_ebook,1,2017,False,/works/OL40252832W,['eng'],False,My Dreams,,,,
['OL13217501A'],['Archibong Emmanuel Etim'],no_ebook,1,2020,False,/works/OL36789765W,['eng'],False,Worry and Anxiety : How and Why to Overcome the Monster As a Christian,,,,
['OL161167A'],['Arthur Conan Doyle'],no_ebook,1,2011,False,/works/OL36061956W,['eng'],False,Beyond the City,,,,
['OL3506599A'],['Sue W. Kelly'],no_ebook,1,2003,False,/works/OL9493641W,['eng'],False,Sec's Role in Capital Formation: Help or Hindrance?: Hearing Before the Subcommittee on Oversight and Investigations of the Committee on Financial Services,OL10857856M,5078468.0,,
['OL12267503A'],['Jason F Boggs'],no_ebook,1,2017,False,/works/OL33893765W,,False,The Devil's Dragon,,,,
['OL10884816A'],['Liane Scholl'],no_ebook,1,2020,False,/works/OL30645275W,['ger'],False,Auszeit Zum Glück,,,,
['OL331010A'],['Joseph Overath'],no_ebook,1,2005,False,/works/OL2409387W,['ger'],False,Rheinische Kirchgänge,,,,
['OL11432236A'],"['Coss, Lauren, Ringstad, Arnold']",no_ebook,1,2014,False,/works/OL31346936W,,False,Weird-But-True Facts about U. S. Presidents,,,,
['OL7130054A'],['Cathy Ace'],no_ebook,1,2016,False,/works/OL21130913W,['eng'],False,Corpse with the Ruby Lips,OL28604758M,13331968.0,,
['OL579607A'],['Richard Shiff'],no_ebook,1,2021,False,/works/OL25758334W,['eng'],False,Writing after Art,,,,
